frame,id,real_x,real_y
8,6,0.06,14.84
9,6,0.06,14.84
10,6,0.04,14.71
11,6,0.06,14.84
12,6,0.05,14.85
13,6,0.04,14.71
14,6,0.05,14.44
15,6,0.02,14.31
16,6,0.01,14.05
17,6,0.01,13.92
18,6,0.02,13.78
19,6,0.01,13.65
65,1,1.78,0.03
66,1,1.76,0.11
67,1,1.75,0.19
68,1,1.72,0.12
69,1,1.69,0.13
70,1,1.68,0.21
71,1,1.64,0.14
72,1,1.64,0.22
73,1,1.6,0.23
74,1,1.58,0.31
75,1,1.57,0.31
76,1,1.54,0.32
77,1,1.54,0.47
78,1,1.53,0.7
79,1,1.51,0.94
80,1,1.46,1.11
81,1,1.37,1.21
82,1,1.41,1.36
83,1,1.41,1.28
84,1,1.39,1.21
85,1,1.38,1.29
86,1,1.37,1.29
87,1,1.34,1.3
88,1,1.31,1.3
89,1,1.28,1.39
90,1,1.25,1.4
91,1,1.24,1.4
92,1,1.21,1.49
93,1,1.18,1.5
94,1,1.17,1.58
95,1,1.17,1.66
96,1,1.16,1.91
97,1,1.18,2.15
98,1,1.2,2.39
99,1,1.2,2.56
100,1,1.22,2.64
101,1,1.22,2.64
102,1,1.21,2.72
103,1,1.22,2.81
104,1,1.19,2.73
105,1,1.15,2.74
106,1,1.13,2.66
107,1,1.15,2.83
108,1,1.15,2.83
109,1,1.13,2.75
110,1,1.13,2.66
111,1,1.11,2.75
112,1,1.13,2.83
113,1,1.12,2.92
114,1,1.12,3.09
115,1,1.13,3.44
116,1,1.15,3.61
117,1,1.14,3.7
118,1,1.14,3.88
119,1,1.12,3.97
120,1,1.13,3.97
121,1,1.13,3.97
122,1,1.14,4.06
123,1,1.15,4.14
124,1,1.15,4.14
125,1,1.12,4.24
126,1,1.12,4.24
127,1,1.13,4.33
128,1,1.1,4.34
129,1,1.11,4.43
130,1,1.13,4.51
131,1,1.16,4.51
132,1,1.15,4.51
133,1,1.15,4.69
134,1,1.13,4.88
135,1,1.13,5.07
136,1,1.17,5.35
137,1,1.15,5.26
137,2,2.07,13.19
138,1,1.14,5.35
138,2,1.97,12.45
139,1,1.14,5.35
139,2,1.9,11.97
140,1,1.13,5.45
140,2,1.85,12.12
141,1,1.15,5.45
141,2,1.79,11.89
142,1,1.15,5.45
142,2,1.73,11.54
143,1,1.17,5.35
144,1,1.18,5.34
145,1,1.2,5.34
146,1,1.2,5.43
147,1,1.2,5.43
148,1,1.23,5.52
149,1,1.24,5.52
150,1,1.24,5.52
151,1,1.24,5.52
152,1,1.25,5.8
153,1,1.26,6.09
154,1,1.26,6.19
155,1,1.27,6.29
156,1,1.26,6.39
157,1,1.24,6.49
158,1,1.23,6.5
159,1,1.23,6.6
160,1,1.23,6.6
161,1,1.29,6.68
162,1,1.28,6.58
163,1,1.32,6.67
164,1,1.32,6.77
165,1,1.33,6.67
166,1,1.34,6.77
167,1,1.35,6.76
168,1,1.35,6.76
169,1,1.35,6.87
170,1,1.33,6.87
170,25,1.4,12.78
171,1,1.33,7.07
171,25,1.39,12.15
172,1,1.36,7.17
173,1,1.36,7.27
174,1,1.37,7.37
175,1,1.36,7.27
176,1,1.38,7.27
177,1,1.41,7.26
178,1,1.42,7.36
179,1,1.4,7.36
180,1,1.4,7.36
181,1,1.42,7.46
182,1,1.42,7.57
183,1,1.39,7.47
184,1,1.37,7.37
185,1,1.39,7.37
186,1,1.37,7.37
187,1,1.36,7.38
188,1,1.35,7.48
189,1,1.34,7.59
190,1,1.33,7.7
191,1,1.33,7.7
192,1,1.33,7.8
193,1,1.32,7.91
194,1,1.31,8.02
195,1,1.3,8.13
196,1,1.27,8.14
197,1,1.27,8.14
198,1,1.28,8.24
199,1,1.28,8.24
200,1,1.34,8.22
201,1,1.33,8.23
202,1,1.31,8.23
203,1,1.27,8.35
204,1,1.23,8.37
205,1,1.21,8.37
206,1,1.21,8.37
207,1,1.22,8.48
208,1,1.19,8.49
209,1,1.18,8.38
210,1,1.19,8.49
211,1,1.19,8.71
212,1,1.17,8.71
213,1,1.18,8.82
214,1,1.2,8.81
215,1,1.17,8.82
216,1,1.14,8.83
217,1,1.13,8.95
217,31,0.09,10.06
218,1,1.1,8.95
218,31,0.08,9.83
219,1,1.07,9.07
219,31,0.1,9.94
220,1,1.06,9.08
220,31,0.12,9.94
221,1,1.03,9.2
221,31,0.14,10.04
222,1,0.99,9.1
222,31,0.14,10.04
223,1,0.98,9.1
223,31,0.15,9.81
224,1,0.95,9.22
224,31,0.15,9.81
225,1,0.94,9.23
225,31,0.16,9.47
226,1,0.93,9.34
226,31,0.19,9.35
227,1,0.91,9.35
227,31,0.19,9.35
227,33,1.6,10.5
228,1,0.91,9.35
228,31,0.2,9.57
228,33,1.59,10.62
229,1,0.9,9.58
229,31,0.25,9.56
230,1,0.89,9.69
230,31,0.26,9.55
231,1,0.88,9.81
231,31,0.29,9.43
232,1,0.85,9.82
232,31,0.34,9.42
233,1,0.82,9.94
233,31,0.36,9.19
234,1,0.78,9.84
234,31,0.37,9.07
235,1,0.78,9.96
235,31,0.38,8.96
236,1,0.76,10.19
236,31,0.38,8.74
237,1,0.73,10.08
237,31,0.42,8.94
238,1,0.73,10.2
238,31,0.43,8.83
239,1,0.7,9.98
239,31,0.43,8.72
240,1,0.67,9.76
240,31,0.44,8.72
241,1,0.74,10.43
241,31,0.46,8.5
242,1,0.74,10.67
242,31,0.48,8.6
243,1,0.72,10.91
243,31,0.52,8.69
244,1,0.71,11.03
244,6,0.02,7.99
244,31,0.54,8.8
245,6,0.04,7.77
245,31,0.57,8.79
246,6,0.07,7.76
246,31,0.6,8.89
247,6,0.12,7.85
247,31,0.6,8.67
248,6,0.15,7.95
248,31,0.61,8.67
249,6,0.16,7.95
249,31,0.63,8.66
250,6,0.16,7.84
250,31,0.67,8.87
251,6,0.19,7.83
251,31,0.68,8.75
252,6,0.19,7.62
252,31,0.7,8.53
253,6,0.21,7.62
253,31,0.71,8.42
254,6,0.2,7.51
254,31,0.74,8.41
255,6,0.21,7.41
255,31,0.78,8.29
256,6,0.22,7.51
256,31,0.81,8.28
257,6,0.23,7.4
257,31,0.83,8.06
258,6,0.23,7.4
258,31,0.83,7.85
259,6,0.25,7.29
259,31,0.86,7.63
260,6,0.25,7.29
260,31,0.88,7.42
261,6,0.23,7.2
261,31,0.91,7.41
262,6,0.24,7.19
262,31,0.92,7.3
263,6,0.24,7.09
263,31,0.9,7.0
264,6,0.25,7.09
264,31,0.9,6.8
265,6,0.26,6.98
265,31,0.95,6.88
266,6,0.28,6.98
266,30,0.14,10.04
266,31,1.0,7.17
267,6,0.29,6.87
267,30,0.25,9.56
267,31,1.02,7.27
268,6,0.3,6.87
268,31,1.02,6.96
269,6,0.3,6.57
269,30,0.22,9.34
269,31,1.08,6.95
270,6,0.3,6.57
270,30,0.24,9.67
270,31,1.12,7.14
271,6,0.33,6.56
271,30,0.22,9.91
271,31,1.12,6.93
272,6,0.37,6.45
272,30,0.21,10.14
272,31,1.17,6.72
273,6,0.39,6.44
273,30,0.2,10.14
273,31,1.2,6.61
274,6,0.42,6.43
274,30,0.18,10.15
274,31,1.23,6.7
275,6,0.44,6.53
275,30,0.21,10.37
275,31,1.25,6.59
276,6,0.45,6.43
276,30,0.18,10.38
276,31,1.3,6.48
277,6,0.45,6.32
277,30,0.13,10.4
277,31,1.33,6.47
278,5,0.83,13.5
278,6,0.46,6.22
278,30,0.11,10.4
278,31,1.38,6.66
279,5,0.85,12.97
279,6,0.48,6.22
279,30,0.1,10.41
279,31,1.4,6.75
280,5,0.9,13.6
280,6,0.49,6.21
280,30,0.11,10.64
280,31,1.46,6.94
281,5,0.95,14.66
281,6,0.51,6.01
281,30,0.1,10.87
281,31,1.49,6.93
282,6,0.54,6.0
282,30,0.11,10.99
282,31,1.51,6.82
283,6,0.57,6.0
283,30,0.09,11.0
283,31,1.51,6.62
284,6,0.59,5.99
284,30,0.09,11.0
284,31,1.52,6.41
285,6,0.61,6.08
285,30,0.09,11.0
285,31,1.54,6.21
286,6,0.65,6.07
286,30,0.06,11.13
286,31,1.56,5.91
287,6,0.7,6.06
287,30,0.05,11.13
287,31,1.58,5.81
288,6,0.73,5.95
288,30,0.05,11.13
288,31,1.68,6.17
289,6,0.73,5.75
289,30,0.03,11.14
289,31,1.7,5.97
290,6,0.73,5.66
290,30,0.03,11.14
290,31,1.77,6.44
291,6,0.72,5.28
291,30,0.02,11.26
291,31,1.79,6.34
292,6,0.72,5.09
292,30,0.04,11.25
292,31,1.83,6.42
293,6,0.72,5.09
293,30,0.03,11.14
293,31,1.82,6.03
294,6,0.73,5.18
294,30,0.01,11.14
294,31,1.83,5.93
295,6,0.76,5.27
295,31,1.91,6.3
296,6,0.76,4.99
296,31,1.91,6.2
297,6,0.79,4.88
297,31,1.93,6.2
298,6,0.82,4.69
298,31,1.95,5.99
299,6,0.86,4.59
299,31,1.96,5.79
300,6,0.89,4.58
300,31,1.99,5.49
301,6,0.91,4.48
301,31,2.01,5.39
302,6,0.94,4.47
302,31,2.03,5.1
303,6,0.98,4.37
303,31,2.03,4.92
304,6,0.99,4.37
304,31,2.03,4.64
305,6,0.99,4.37
305,31,2.07,4.72
306,6,1.0,4.36
306,31,2.09,4.8
307,6,1.0,4.36
307,31,2.13,4.89
308,6,1.02,4.36
308,31,2.16,4.97
309,6,1.01,4.27
309,31,2.19,4.96
310,6,1.03,4.09
310,31,2.23,5.05
311,6,1.05,3.99
311,31,2.23,5.05
312,6,1.08,3.8
312,31,2.24,5.04
313,6,1.12,3.7
313,31,2.29,5.22
314,6,1.14,3.7
314,31,2.32,5.31
315,6,1.17,3.6
315,31,2.33,5.21
316,6,1.24,3.32
316,31,2.33,4.92
317,6,1.26,3.23
317,31,2.34,4.73
318,6,1.26,3.23
318,31,2.36,4.73
319,6,1.25,3.14
319,31,2.38,4.82
320,6,1.34,3.21
320,31,2.4,4.81
321,6,1.35,3.2
321,31,2.44,4.99
322,6,1.35,3.2
322,31,2.4,4.35
323,6,1.38,3.2
323,31,2.39,3.99
324,6,1.42,3.27
324,31,2.39,3.99
325,6,1.42,3.19
325,31,2.43,4.16
326,6,1.41,3.02
326,31,2.44,4.15
327,6,1.39,2.85
327,31,2.47,4.15
328,6,1.37,2.6
328,31,2.5,4.14
329,6,1.38,2.51
329,31,2.52,4.13
330,6,1.41,2.42
330,31,2.55,4.22
331,6,1.45,2.41
331,31,2.56,4.21
332,6,1.44,2.41
332,31,2.58,4.03
333,6,1.44,2.0
333,31,2.59,3.84
334,6,1.48,1.91
334,31,2.6,3.75
335,6,1.5,1.74
335,31,2.6,3.66
336,6,1.49,1.66
336,31,2.61,3.66
337,6,1.57,1.72
337,31,2.61,3.48
338,6,1.63,1.71
338,31,2.65,3.56
339,6,1.62,1.71
339,31,2.67,3.55
340,6,1.65,1.7
340,31,2.7,3.37
341,6,1.66,1.78
341,31,2.7,2.94
342,6,1.68,1.86
342,31,2.69,2.51
343,6,1.66,1.86
343,31,2.72,2.59
344,6,1.69,1.85
344,31,2.74,2.58
345,6,1.67,1.62
345,31,2.82,3.08
346,6,1.67,1.46
346,31,2.83,2.99
347,6,1.67,1.37
347,31,2.87,3.06
348,6,1.68,1.29
348,31,2.87,2.98
349,6,1.64,1.06
349,31,2.91,3.05
350,6,1.74,0.81
350,31,2.96,3.13
351,6,1.79,0.56
351,31,2.97,2.86
352,6,1.84,0.55
352,31,3.03,3.02
353,6,1.86,0.47
353,31,3.04,3.02
354,6,1.86,0.32
354,31,3.06,3.01
355,6,1.86,0.32
355,31,3.06,2.93
356,6,1.86,0.32
356,31,3.03,2.59
357,6,1.84,0.25
357,31,3.04,2.34
358,6,1.84,0.25
358,31,3.02,1.93
359,6,1.85,0.24
359,31,3.05,2.08
360,6,1.84,0.25
360,31,3.13,2.57
361,6,1.84,0.17
361,31,3.2,2.89
362,6,1.85,0.24
362,31,3.2,2.8
363,6,1.86,0.17
363,31,3.19,2.64
364,6,1.86,0.17
364,31,3.18,2.47
365,6,1.89,0.08
365,31,3.19,2.55
366,31,3.27,2.79
367,31,3.28,2.87
368,31,3.29,2.87
369,31,3.28,2.78
370,31,3.3,2.61
371,31,3.19,1.48
372,31,3.21,1.39
373,31,3.16,0.85
374,31,3.21,1.15
375,31,3.21,1.15
376,31,3.23,0.99
377,31,3.27,1.06
378,31,3.29,1.13
379,31,3.33,1.28
380,31,3.37,1.51
381,31,3.37,1.35
382,31,3.37,1.19
383,31,3.35,1.04
384,31,3.28,0.36
1142,98,5.98,11.56
1143,98,5.82,11.61
1144,98,5.61,11.31
1145,98,5.56,11.96
1146,98,5.39,12.02
1147,98,5.21,11.83
1148,98,5.09,12.0
1149,98,4.94,12.17
1150,98,4.82,12.22
1151,98,4.63,12.03
1152,98,4.51,12.33
1153,98,4.34,12.26
1154,98,4.21,12.43
1155,98,4.12,12.85
1156,98,3.98,13.03
1157,98,3.83,13.08
1158,98,3.65,13.02
1159,98,3.59,13.57
1160,98,3.42,13.63
1161,98,3.23,13.3
1162,98,3.08,13.35
1163,98,2.91,13.28
1164,98,2.73,13.08
1165,98,2.53,12.77
1166,98,2.42,13.06
1167,98,2.29,13.37
1168,98,2.14,13.16
1169,98,1.97,13.22
1170,98,1.84,13.53
1171,98,1.7,13.58
1172,98,1.51,13.26
1173,98,1.38,13.17
1174,98,1.2,13.1
1175,98,1.06,13.15
1176,98,0.95,13.45
1177,98,0.85,14.15
1178,98,0.69,14.21
1179,98,0.5,13.35
1180,98,0.34,13.54
1181,98,0.2,13.58
1182,98,0.05,13.77
1227,107,2.0,14.41
1228,107,2.0,14.41
1229,107,2.0,14.41
1230,107,2.0,14.41
1231,107,1.98,14.42
1232,107,1.98,14.42
1233,107,2.0,14.41
1234,107,2.0,14.41
1235,107,2.0,14.41
1236,107,2.0,14.41
1237,107,2.0,14.41
1238,107,2.0,14.41
1239,107,2.0,14.41
1240,107,2.0,14.41
1241,107,2.0,14.41
1242,107,2.0,14.41
1243,107,2.0,14.41
1244,107,2.01,14.55
1245,107,2.01,14.55
1246,107,2.01,14.55
1247,107,2.01,14.55
1248,107,2.01,14.55
1249,107,2.01,14.55
1250,107,2.01,14.55
1479,156,1.97,14.15
1480,156,1.99,14.28
1481,156,1.97,14.29
1482,156,1.99,14.28
1483,156,1.97,14.15
1484,156,1.97,14.15
1485,156,1.97,14.15
1486,156,1.96,14.02
1487,156,1.95,13.89
1488,156,1.96,14.02
1489,156,1.95,13.89
1490,156,1.95,13.89
1527,160,1.99,14.55
1528,160,1.98,14.42
1529,160,1.98,14.42
1530,160,1.99,14.55
1531,160,1.99,14.55
1532,160,2.0,14.68
1533,160,2.0,14.68
1534,160,2.01,14.82
1535,160,2.01,14.82
1536,160,2.01,14.82
1537,160,2.01,14.82
1538,160,2.02,14.95
1539,160,2.01,14.82
1540,160,2.03,14.81
1541,160,2.03,14.81
1542,160,2.02,14.95
1593,125,5.35,14.0
1594,125,5.32,13.87
1595,125,5.39,14.53
1599,173,5.68,12.94
1600,173,5.45,14.1
1602,173,4.59,14.28
1603,173,4.05,13.94
1604,173,3.56,13.58
1605,173,3.14,13.73
1608,173,1.65,14.0
1609,173,1.18,14.16
1610,125,5.14,14.76
1610,173,0.63,13.17
1611,125,5.08,14.65
1611,173,0.18,13.86
1612,125,5.03,14.53
1613,125,5.03,14.67
1614,125,4.99,14.54
1615,125,4.98,14.55
1616,125,4.96,14.55
1617,125,4.92,14.29
1618,125,4.89,14.3
1619,125,4.87,14.17
1620,125,4.86,14.32
1621,125,4.84,14.32
1622,125,4.82,14.33
1623,125,4.77,14.21
1624,125,4.69,13.97
1625,125,4.67,13.97
1626,125,4.63,13.86
1627,125,4.64,13.85
1628,125,4.67,13.97
1629,125,4.66,13.98
1630,125,4.66,13.98
1631,125,4.64,14.12
1632,125,4.63,14.13
1633,125,4.61,14.14
1634,125,4.59,14.14
1635,125,4.56,14.15
1636,125,4.54,14.16
1637,125,4.51,14.17
1638,125,4.51,14.17
1639,125,4.49,14.18
1640,125,4.48,14.18
1641,125,4.46,14.19
1642,125,4.43,14.2
1643,125,4.38,14.08
1644,125,4.34,14.1
1645,125,4.29,14.12
1646,125,4.24,14.0
1647,125,4.24,14.13
1648,125,4.23,14.0
1649,125,4.23,14.14
1650,125,4.2,14.02
1651,125,4.15,13.76
1652,125,4.13,13.77
1653,125,4.1,13.65
1654,125,4.1,13.78
1655,125,4.08,13.79
1656,125,4.06,13.79
1657,125,4.03,13.67
1658,125,4.05,13.94
1659,125,4.03,13.94
1660,125,4.0,13.82
1661,125,4.0,13.82
1662,125,3.98,13.82
1663,125,4.0,13.95
1664,125,3.97,13.83
1665,125,3.95,13.84
1666,125,3.9,13.72
1667,125,3.88,13.73
1668,125,3.87,13.73
1669,125,3.83,13.74
1670,125,3.8,13.89
1671,125,3.77,13.9
1672,125,3.75,13.91
1673,125,3.73,13.78
1674,125,3.72,13.79
1675,125,3.7,13.79
1676,125,3.68,13.8
1677,125,3.64,13.68
1677,183,2.02,14.68
1678,125,3.59,13.7
1678,183,2.02,14.68
1679,125,3.57,13.71
1679,183,2.02,14.68
1680,125,3.52,13.72
1680,183,2.02,14.68
1681,125,3.43,13.49
1681,183,2.02,14.68
1682,125,3.39,13.5
1682,183,2.02,14.68
1683,125,3.36,13.38
1683,183,2.02,14.68
1684,125,3.34,13.52
1684,183,2.02,14.68
1685,125,3.33,13.53
1685,183,2.02,14.68
1686,125,3.31,13.53
1686,183,2.02,14.68
1687,125,3.31,13.53
1687,183,2.03,14.81
1688,125,3.29,13.54
1688,134,3.67,14.76
1688,183,2.03,14.81
1689,125,3.24,13.56
1689,134,3.63,14.36
1689,183,2.04,14.95
1690,125,3.21,13.57
1690,134,3.58,14.24
1690,183,2.04,14.95
1691,125,3.21,13.7
1691,134,3.53,14.12
1692,125,3.19,13.71
1692,134,3.57,13.98
1693,125,3.16,13.59
1693,183,2.04,14.95
1694,125,3.18,13.58
1694,183,2.04,14.95
1695,125,3.14,13.59
1695,183,2.04,14.95
1696,125,3.13,13.6
1696,183,2.04,14.95
1697,125,3.08,13.48
1697,183,2.04,14.95
1698,125,3.06,13.49
1699,125,3.02,13.37
1700,125,3.01,13.64
1701,125,3.01,13.64
1702,125,2.98,13.65
1703,125,2.96,13.66
1704,125,2.93,13.67
1705,125,2.91,13.68
1706,125,2.89,13.68
1707,125,2.89,13.68
1708,125,2.88,13.69
1709,125,2.84,13.7
1710,125,2.81,13.71
1711,125,2.79,13.72
1712,125,2.76,13.73
1713,125,2.74,13.74
1714,125,2.73,13.74
1715,125,2.7,13.89
1716,125,2.68,13.76
1717,125,2.66,13.77
1718,125,2.64,13.77
1719,125,2.61,13.65
1720,125,2.6,13.66
1721,125,2.55,13.54
1722,125,2.53,13.68
1723,125,2.51,13.69
1723,183,2.01,14.82
1724,125,2.48,13.7
1724,183,2.01,14.82
1725,125,2.44,13.71
1725,183,2.0,14.68
1726,125,2.41,13.72
1727,125,2.38,13.74
1728,125,2.36,13.74
1729,125,2.33,13.62
1730,125,2.33,13.62
1731,125,2.3,13.5
1732,125,2.32,13.63
1733,125,2.32,13.63
1734,125,2.3,13.63
1735,125,2.28,13.64
1736,125,2.24,13.79
1737,125,2.21,13.8
1738,125,2.2,13.93
1739,125,2.19,13.94
1740,125,2.17,13.95
1741,125,2.15,13.95
1742,125,2.12,13.83
1743,125,2.11,13.83
1744,125,2.08,13.71
1745,125,2.05,13.72
1746,125,2.03,13.73
1747,125,2.0,13.61
1748,125,1.97,13.62
1749,125,1.94,13.76
1750,125,1.91,13.77
1751,125,1.89,13.78
1752,125,1.86,13.79
1753,125,1.85,13.66
1754,125,1.81,13.67
1755,125,1.8,13.54
1756,125,1.75,13.56
1757,125,1.74,13.57
1758,125,1.71,13.45
1759,125,1.69,13.45
1760,125,1.68,13.46
1761,125,1.64,13.6
1762,125,1.62,13.61
1763,125,1.54,13.51
1764,125,1.52,13.51
1765,125,1.48,13.66
1766,125,1.45,13.67
1767,125,1.41,13.68
1767,194,1.92,14.17
1768,125,1.39,13.56
1768,194,1.96,14.42
1769,125,1.35,13.31
1769,194,2.0,14.68
1770,125,1.34,13.32
1770,194,2.02,14.95
1771,125,1.32,13.32
1772,125,1.3,13.33
1772,194,2.0,14.96
1773,125,1.29,13.46
1774,125,1.28,13.47
1775,125,1.29,13.72
1776,125,1.29,13.72
1777,125,1.28,13.73
1777,197,5.86,4.86
1778,125,1.27,13.87
1778,197,5.3,4.93
1779,125,1.27,13.87
1779,197,4.65,5.02
1780,125,1.23,13.88
1780,197,3.96,5.32
1781,125,1.23,14.02
1781,149,2.63,14.45
1781,197,3.41,5.76
1782,125,1.23,14.02
1782,149,2.49,13.3
1782,197,2.88,5.92
1783,125,1.17,13.9
1783,149,2.43,12.93
1783,197,2.32,5.69
1784,125,1.03,12.4
1784,149,2.38,12.56
1784,197,1.67,5.98
1785,125,1.0,12.92
1785,197,0.98,5.88
1786,125,0.85,12.97
1786,197,0.4,5.95
1805,169,0.72,14.33
1806,169,0.72,14.33
1807,169,0.68,13.42
1808,169,0.64,12.78
1809,169,0.63,12.53
1810,169,0.68,13.03
1811,169,0.68,13.03
1812,169,0.69,13.28
1813,169,0.71,13.67
1814,169,0.71,13.67
1815,169,0.72,13.8
1816,169,0.73,13.93
1817,169,0.74,14.06
1818,169,0.74,14.06
1819,169,0.74,14.19
1820,169,0.74,14.19
1821,169,0.73,14.19
1822,169,0.73,14.19
1823,169,0.71,13.93
1824,169,0.67,13.55
1825,169,0.67,13.55
1826,169,0.67,13.55
1827,169,0.67,13.55
1828,169,0.68,13.42
1829,169,0.67,13.29
1830,169,0.66,13.03
1831,169,0.65,12.91
1832,169,0.65,12.91
1833,169,0.6,12.67
1834,169,0.59,12.68
1835,169,0.57,12.68
1836,169,0.57,12.68
1837,169,0.58,12.81
1838,169,0.56,12.81
1839,169,0.57,12.94
1840,169,0.57,13.06
1841,169,0.58,13.19
1842,169,0.6,13.18
1843,169,0.61,13.31
1844,169,0.6,13.57
1845,169,0.61,13.7
1846,169,0.59,13.98
1847,169,0.58,14.11
1847,180,1.12,14.87
1848,169,0.51,13.21
1848,180,1.11,14.87
1849,169,0.51,13.48
1850,169,0.51,13.74
1851,169,0.52,13.73
1851,180,0.95,14.66
1852,169,0.52,13.73
1862,180,0.62,13.57
1863,180,0.57,13.32
1864,180,0.54,13.34
1865,180,0.54,13.34
1866,180,0.51,13.21
1867,180,0.51,13.21
1868,180,0.51,13.21
1869,180,0.53,13.21
1870,180,0.53,13.21
1871,180,0.53,13.21
1872,180,0.53,13.21
1873,180,0.53,13.21
1874,180,0.53,13.21
1875,180,0.53,13.21
1876,180,0.53,13.21
1877,180,0.52,13.08
1878,180,0.52,12.96
1879,180,0.56,13.2
1880,180,0.57,13.32
1881,180,0.57,13.32
1882,180,0.59,13.58
1883,180,0.59,13.58
1884,180,0.58,13.84
1885,180,0.6,14.11
1886,180,0.6,14.11
1887,180,0.61,14.37
1888,180,0.6,14.24
1889,180,0.61,14.1
1890,180,0.61,14.1
1891,180,0.61,14.1
1892,180,0.61,14.1
1893,180,0.61,13.97
1894,180,0.61,13.97
1895,180,0.61,13.97
1896,180,0.61,13.97
1897,180,0.59,13.98
1898,180,0.59,13.98
1899,180,0.61,13.97
1900,180,0.61,13.97
1901,180,0.61,13.97
1902,180,0.61,14.1
1903,180,0.61,14.1
1904,180,0.61,14.1
1905,180,0.63,14.09
1906,180,0.61,14.1
1907,180,0.61,14.1
1908,180,0.63,14.09
1909,180,0.61,14.1
1910,180,0.61,14.1
1911,180,0.61,14.1
1912,180,0.63,14.09
1913,180,0.63,14.09
1914,180,0.61,14.1
1915,180,0.63,14.09
1916,180,0.63,14.09
1917,180,0.63,14.09
1918,180,0.64,13.96
1919,180,0.64,13.96
1920,180,0.63,13.83
1921,180,0.62,13.96
1922,180,0.62,13.96
1923,180,0.62,13.96
1924,180,0.62,13.96
1925,180,0.62,13.83
1926,180,0.62,13.83
1927,180,0.61,13.7
1928,180,0.61,13.7
1929,180,0.61,13.7
1930,180,0.61,13.7
1931,180,0.59,13.71
1932,180,0.59,13.71
1933,180,0.59,13.71
1934,180,0.59,13.71
1935,180,0.61,13.7
1936,180,0.59,13.71
1937,180,0.6,13.57
1938,180,0.6,13.57
1939,180,0.6,13.57
1940,180,0.6,13.57
1941,180,0.6,13.57
1942,180,0.59,13.58
1943,180,0.59,13.58
1944,180,0.59,13.58
1945,180,0.59,13.58
1946,180,0.59,13.58
1947,180,0.59,13.71
1948,180,0.59,13.71
1949,180,0.59,13.71
1950,180,0.6,13.84
1951,180,0.61,13.97
1952,180,0.61,13.97
1953,180,0.61,14.1
1954,180,0.61,14.1
1955,180,0.61,14.1
1956,180,0.61,14.1
1957,180,0.61,14.1
1958,180,0.61,14.1
1959,180,0.61,14.1
1960,180,0.6,14.11
1961,180,0.61,14.1
1962,180,0.59,13.98
1963,180,0.59,13.98
1964,180,0.58,13.84
1965,180,0.6,13.84
1966,180,0.59,13.71
1967,180,0.59,13.71
1968,180,0.58,13.84
1969,180,0.58,13.84
1970,180,0.6,13.84
1971,180,0.59,13.98
1972,180,0.59,13.98
1973,180,0.61,14.1
1974,180,0.6,13.84
1975,180,0.61,13.97
1976,180,0.59,13.98
1977,180,0.6,14.11
1978,180,0.58,14.11
1979,180,0.58,14.11
1980,180,0.6,14.24
1981,180,0.6,14.51
2003,180,0.57,13.32
2004,180,0.55,13.33
2005,180,0.55,13.2
2006,180,0.55,13.33
2007,180,0.55,13.33
2008,180,0.55,13.33
2009,180,0.55,13.33
2010,180,0.55,13.33
2011,180,0.56,13.46
2012,180,0.56,13.46
2013,180,0.56,13.46
2014,180,0.56,13.46
2015,180,0.57,13.59
2016,180,0.57,13.59
2017,180,0.56,13.46
2018,180,0.56,13.46
2019,180,0.57,13.59
2020,180,0.57,13.59
2021,180,0.56,13.46
2022,180,0.58,13.72
2023,180,0.58,13.84
2024,180,0.59,13.98
2025,180,0.61,13.97
2026,180,0.61,14.1
2027,180,0.6,14.24
2028,180,0.57,13.59
2029,180,0.5,12.33
2030,180,0.47,12.09
2031,180,0.5,12.58
2032,180,0.56,13.72
2033,180,0.57,13.85
2034,180,0.57,14.25
2047,180,0.58,14.11
2048,180,0.59,13.98
2049,180,0.58,13.72
2050,180,0.57,13.59
2051,180,0.57,13.59
2052,180,0.58,13.72
2053,180,0.57,13.59
2054,180,0.57,13.59
2055,180,0.58,13.72
2056,180,0.58,13.72
2057,180,0.57,13.59
2058,180,0.57,13.59
2059,180,0.56,13.72
2060,180,0.56,13.72
2061,180,0.56,13.72
2062,180,0.54,13.73
2063,180,0.54,13.73
2064,180,0.56,13.72
2065,180,0.56,13.72
2066,180,0.56,13.72
2067,180,0.56,13.72
2068,180,0.56,13.72
2069,180,0.57,13.59
2070,180,0.55,13.59
2071,180,0.56,13.72
2072,180,0.56,13.72
2073,180,0.56,13.72
2074,180,0.56,13.72
2075,180,0.55,13.59
2076,180,0.55,13.59
2077,180,0.55,13.59
2077,185,4.57,14.98
2077,280,1.95,14.02
2078,180,0.55,13.59
2078,185,4.54,14.99
2078,280,1.95,14.02
2079,180,0.55,13.59
2079,280,1.96,14.16
2080,180,0.55,13.59
2080,280,1.96,14.16
2081,180,0.55,13.59
2081,280,1.94,14.16
2082,180,0.55,13.59
2082,280,1.96,14.16
2083,180,0.57,13.59
2083,280,1.96,14.16
2084,180,0.57,13.59
2084,280,1.96,14.16
2085,180,0.57,13.59
2085,280,1.94,14.16
2086,180,0.57,13.59
2086,280,1.94,14.16
2087,180,0.55,13.59
2087,280,1.96,14.16
2088,180,0.57,13.59
2088,280,1.97,14.29
2089,180,0.57,13.59
2089,280,1.97,14.29
2090,180,0.57,13.59
2090,280,1.97,14.29
2091,180,0.57,13.59
2091,280,1.97,14.29
2092,180,0.57,13.59
2092,280,1.97,14.29
2093,180,0.57,13.59
2093,280,1.98,14.42
2094,180,0.57,13.59
2094,280,1.98,14.42
2095,180,0.58,13.72
2095,280,1.97,14.56
2096,180,0.58,13.72
2096,280,1.98,14.69
2097,180,0.58,13.72
2097,280,1.98,14.69
2098,180,0.58,13.72
2099,180,0.58,13.72
2100,180,0.58,13.72
2101,180,0.58,13.72
2102,180,0.57,13.85
2103,180,0.55,13.33
2104,180,0.57,14.25
2127,169,0.5,13.35
2128,169,0.56,13.2
2129,169,0.56,13.2
2130,169,0.56,13.2
2131,169,0.57,13.32
2132,169,0.59,13.58
2133,169,0.59,13.71
2134,169,0.6,13.84
2135,169,0.61,13.97
2136,169,0.59,13.98
2137,169,0.59,13.98
2138,169,0.59,13.98
2139,169,0.6,13.84
2140,169,0.6,13.84
2141,169,0.58,13.72
2142,169,0.57,13.59
2143,169,0.57,13.59
2144,169,0.57,13.59
2145,169,0.57,13.59
2146,169,0.55,13.59
2147,169,0.55,13.59
2148,169,0.55,13.59
2149,169,0.57,13.59
2149,185,2.59,14.6
2150,169,0.57,13.59
2150,185,2.55,14.48
2151,169,0.57,13.59
2152,169,0.57,13.59
2153,169,0.57,13.59
2154,169,0.58,13.72
2155,169,0.58,13.72
2156,169,0.59,13.98
2157,169,0.59,13.98
2158,169,0.59,13.98
2159,169,0.6,14.11
2160,169,0.56,14.12
2161,169,0.57,14.25
2189,169,0.54,13.99
2190,169,0.5,12.7
2191,169,0.48,12.33
2191,295,1.72,14.24
2192,169,0.48,12.21
2192,295,1.73,14.37
2193,169,0.48,12.21
2194,169,0.48,11.96
2195,169,0.51,12.57
2196,169,0.52,12.96
2197,169,0.52,13.08
2198,169,0.53,13.21
2199,169,0.53,13.21
2200,169,0.57,13.98
2201,169,0.59,14.38
2202,169,0.6,14.51
2203,169,0.59,14.38
2204,169,0.59,14.24
2205,169,0.59,14.24
2206,169,0.57,13.98
2207,169,0.58,13.72
2208,169,0.57,13.59
2209,169,0.56,13.46
2210,169,0.56,13.46
2211,169,0.56,13.46
2212,169,0.54,13.46
2213,169,0.54,13.46
2213,299,1.15,15.0
2214,169,0.54,13.34
2215,169,0.54,13.34
2215,299,1.08,14.75
2216,169,0.53,13.21
2216,299,1.09,14.61
2217,169,0.53,13.21
2217,299,1.06,14.75
2218,169,0.54,13.46
2218,299,1.04,14.76
2219,169,0.56,13.72
2219,299,0.99,14.1
2220,169,0.56,13.72
2220,299,0.95,13.85
2221,169,0.57,13.85
2221,299,0.94,13.59
2222,169,0.56,13.72
2222,299,0.9,13.34
2223,169,0.56,13.72
2223,299,0.87,13.35
2224,169,0.56,13.72
2225,169,0.57,13.59
2226,169,0.6,13.84
2227,169,0.6,13.84
2228,169,0.58,13.84
2229,169,0.6,13.84
2230,169,0.62,13.83
2231,169,0.6,13.84
2232,169,0.6,13.84
2233,169,0.58,13.84
2234,169,0.57,13.59
2235,169,0.55,13.59
2235,299,0.94,14.25
2236,169,0.55,13.59
2236,299,0.95,14.11
2237,169,0.57,13.32
2237,299,0.93,13.99
2238,169,0.56,13.46
2238,299,0.93,13.99
2239,169,0.58,13.45
2239,299,0.93,13.99
2240,169,0.56,13.46
2240,299,0.87,14.01
2241,169,0.58,13.45
2241,299,0.85,13.88
2242,169,0.58,13.45
2242,299,0.84,14.02
2243,169,0.59,13.58
2243,299,0.84,14.02
2244,169,0.6,13.57
2245,169,0.6,13.57
2246,169,0.61,13.7
2247,169,0.61,13.7
2248,169,0.59,13.71
2249,169,0.59,13.58
2250,169,0.58,13.45
2251,169,0.58,13.45
2252,169,0.59,13.58
2253,169,0.59,13.71
2254,169,0.61,13.7
2255,169,0.61,13.7
2256,169,0.61,13.7
2257,169,0.61,13.7
2258,169,0.59,13.71
2259,169,0.61,13.7
2260,169,0.62,13.83
2261,169,0.59,13.71
2262,169,0.59,13.71
2263,169,0.58,13.72
2264,169,0.58,13.72
2265,169,0.57,13.59
2266,169,0.59,13.58
2267,169,0.56,13.46
2268,169,0.56,13.46
2269,169,0.55,13.33
2270,169,0.54,13.34
2271,169,0.53,13.47
2272,169,0.53,13.47
2273,169,0.54,13.46
2274,169,0.55,13.59
2275,169,0.57,13.59
2276,169,0.57,13.59
2277,169,0.56,13.46
2278,169,0.56,13.46
2279,169,0.55,13.33
2280,169,0.56,13.46
2281,169,0.56,13.46
2282,169,0.56,13.46
2282,322,1.96,14.16
2283,169,0.59,13.58
2283,322,1.96,14.16
2284,169,0.59,13.58
2284,322,1.96,14.16
2285,169,0.59,13.71
2285,322,1.96,14.16
2286,169,0.58,13.72
2286,322,1.96,14.16
2287,169,0.58,13.72
2287,322,1.96,14.16
2288,169,0.58,13.72
2288,322,1.97,14.29
2289,169,0.6,13.84
2289,322,1.97,14.29
2290,169,0.6,13.84
2290,322,1.97,14.29
2291,169,0.6,13.84
2291,322,1.97,14.29
2292,169,0.58,13.72
2292,322,1.97,14.29
2293,169,0.58,13.72
2293,322,1.97,14.29
2294,169,0.58,13.72
2294,322,1.97,14.29
2295,169,0.59,13.71
2295,322,1.97,14.29
2296,169,0.59,13.71
2296,322,1.96,14.16
2297,169,0.59,13.58
2297,322,1.96,14.16
2298,169,0.59,13.58
2298,322,1.96,14.16
2299,169,0.57,13.59
2299,322,1.96,14.16
2300,169,0.57,13.59
2300,322,1.96,14.16
2301,169,0.58,13.72
2302,169,0.58,13.72
2303,169,0.58,13.72
2304,169,0.58,13.84
2305,169,0.58,13.84
2306,169,0.58,13.84
2307,169,0.58,13.84
2308,169,0.56,13.72
2309,169,0.56,13.72
2310,169,0.56,13.72
2311,169,0.57,13.59
2312,169,0.55,13.59
2313,169,0.55,13.59
2314,169,0.55,13.59
2315,169,0.55,13.59
2316,169,0.55,13.59
2317,169,0.55,13.59
2318,169,0.57,13.59
2319,169,0.57,13.59
2320,169,0.57,13.59
2321,169,0.57,13.59
2322,169,0.56,13.46
2323,169,0.56,13.46
2324,169,0.55,13.33
2325,169,0.56,13.46
2325,322,1.91,13.51
2326,169,0.56,13.46
2326,322,1.9,13.38
2327,169,0.56,13.46
2327,322,1.89,13.25
2328,169,0.56,13.46
2328,322,1.83,12.5
2329,169,0.56,13.46
2329,322,1.85,13.01
2330,169,0.56,13.46
2330,322,1.88,13.13
2331,169,0.56,13.46
2331,322,1.88,13.13
2332,169,0.56,13.46
2332,322,1.8,12.38
2333,169,0.56,13.46
2333,322,1.78,12.14
2334,169,0.56,13.46
2334,322,1.77,12.02
2335,169,0.57,13.59
2335,322,1.85,12.75
2336,169,0.55,13.59
2336,322,1.88,13.13
2337,169,0.54,13.46
2337,322,1.88,13.13
2338,169,0.54,13.34
2339,169,0.54,13.34
2339,322,1.88,13.13
2340,169,0.53,13.21
2340,322,1.89,13.25
2341,169,0.55,13.2
2341,322,1.89,13.25
2342,169,0.55,13.2
2342,322,1.89,13.25
2343,169,0.55,13.2
2343,322,1.89,13.25
2344,169,0.55,13.2
2344,322,1.89,13.25
2345,169,0.55,13.2
2345,322,1.8,12.38
2346,169,0.55,13.2
2346,322,1.77,12.02
2347,169,0.55,13.2
2347,322,1.77,12.02
2348,169,0.55,13.2
2348,322,1.76,11.9
2349,169,0.55,13.2
2349,322,1.75,11.78
2350,169,0.56,13.46
2350,322,1.74,11.66
2351,169,0.57,13.59
2352,169,0.57,13.59
2353,169,0.58,13.72
2354,169,0.58,13.72
2355,169,0.58,13.72
2356,169,0.58,13.72
2357,169,0.58,13.84
2358,169,0.6,14.11
2359,169,0.52,12.7
2360,169,0.62,14.5
2361,169,0.63,14.64
2373,169,0.6,14.24
2374,169,0.59,13.71
2375,169,0.59,13.71
2376,169,0.59,13.58
2377,169,0.57,13.59
2378,169,0.56,13.46
2379,169,0.57,13.59
2380,169,0.57,13.59
2381,169,0.57,13.59
2382,169,0.57,13.59
2383,169,0.58,13.72
2384,169,0.58,13.72
2385,169,0.58,13.72
2386,169,0.58,13.72
2387,169,0.58,13.72
2388,169,0.58,13.72
2389,169,0.58,13.72
2390,169,0.57,13.59
2391,169,0.6,13.84
2392,169,0.6,13.84
2393,169,0.59,14.38
2409,169,0.54,13.08
2410,169,0.54,13.46
2411,169,0.56,13.72
2412,169,0.57,13.85
2413,169,0.57,13.85
2414,169,0.57,13.85
2415,169,0.57,13.98
2416,169,0.57,13.85
2417,169,0.57,13.85
2418,169,0.57,13.85
2419,169,0.57,13.85
2420,169,0.57,13.85
2421,169,0.56,13.72
2422,169,0.56,13.72
2423,169,0.58,13.72
2424,169,0.58,13.72
2425,169,0.57,13.59
2426,169,0.56,13.46
2427,169,0.55,13.33
2427,357,1.94,13.89
2428,169,0.55,13.33
2428,357,1.94,13.89
2429,169,0.56,13.2
2429,357,1.94,13.89
2430,169,0.57,13.32
2430,357,1.95,14.02
2431,169,0.57,13.32
2431,357,1.95,14.02
2432,169,0.57,13.32
2432,357,1.93,14.03
2433,169,0.57,13.32
2433,357,1.93,14.03
2434,169,0.56,13.2
2435,169,0.56,13.2
2436,169,0.56,13.2
2437,169,0.56,13.2
2438,169,0.56,13.2
2439,169,0.56,13.2
2440,169,0.56,13.2
2441,169,0.56,13.2
2441,357,1.92,13.9
2442,169,0.56,13.2
2442,357,1.9,13.64
2443,169,0.56,13.2
2443,357,1.9,13.64
2444,169,0.56,13.2
2444,357,1.89,13.51
2445,169,0.56,13.2
2445,357,1.88,13.39
2446,169,0.56,13.2
2446,357,1.89,13.51
2447,169,0.56,13.2
2447,357,1.89,13.51
2448,169,0.56,13.2
2448,357,1.9,13.64
2449,169,0.55,13.2
2449,357,1.9,13.64
2450,169,0.58,13.45
2450,357,1.9,13.64
2451,169,0.58,13.45
2452,169,0.58,13.45
2453,169,0.59,13.58
2454,169,0.59,13.58
2455,169,0.59,13.58
2456,169,0.57,13.59
2457,169,0.57,13.59
2458,169,0.57,13.59
2459,169,0.57,13.59
2460,169,0.59,13.58
2461,169,0.59,13.58
2462,169,0.57,13.59
2463,169,0.57,13.59
2464,169,0.58,13.72
2465,169,0.58,13.72
2466,169,0.56,13.72
2467,169,0.56,13.72
2468,169,0.56,13.72
2469,169,0.56,13.72
2470,169,0.57,13.85
2471,169,0.56,13.99
2472,169,0.52,13.08
2474,353,0.56,13.72
2475,353,0.51,12.83
2476,353,0.54,13.73
2477,353,0.51,13.21
2495,372,0.53,12.95
2496,372,0.55,12.94
2497,372,0.55,12.69
2498,372,0.54,12.69
2499,372,0.54,12.69
2500,372,0.54,12.82
2501,372,0.55,12.94
2502,372,0.56,13.07
2503,372,0.56,13.07
2504,372,0.56,13.07
2505,372,0.56,13.2
2506,372,0.57,13.32
2507,372,0.57,13.32
2508,372,0.57,13.32
2509,372,0.55,13.33
2510,372,0.55,13.33
2511,372,0.55,13.33
2512,372,0.55,13.33
2513,372,0.56,13.46
2514,372,0.54,13.46
2515,372,0.56,13.46
2516,372,0.54,13.46
2517,372,0.54,13.46
2518,372,0.54,13.46
2519,372,0.53,13.47
2520,372,0.53,13.47
2521,372,0.53,13.6
2522,372,0.53,13.6
2523,372,0.55,13.59
2524,372,0.53,13.6
2525,372,0.56,13.72
2526,372,0.54,13.73
2527,372,0.54,13.73
2528,372,0.54,13.73
2529,372,0.54,13.73
2530,372,0.54,13.73
2531,372,0.55,13.86
2532,372,0.54,13.73
2533,372,0.54,13.73
2534,372,0.54,13.73
2535,372,0.54,13.73
2536,372,0.54,13.73
2537,372,0.54,13.73
2538,372,0.54,13.73
2539,372,0.54,13.73
2540,372,0.54,13.73
2541,372,0.54,13.73
2542,372,0.54,13.73
2543,372,0.53,13.6
2544,372,0.53,13.6
2545,372,0.53,13.6
2546,372,0.53,13.6
2547,372,0.53,13.6
2548,372,0.53,13.6
2549,372,0.52,13.73
2550,372,0.54,13.73
2551,372,0.52,13.73
2552,372,0.54,13.73
2553,372,0.54,13.73
2554,372,0.52,13.73
2555,372,0.52,13.73
2556,372,0.52,13.73
2557,372,0.55,13.86
2558,372,0.56,13.99
2559,372,0.56,13.99
2560,372,0.51,14.14
2561,372,0.51,14.14
2594,387,0.63,13.05
2595,387,0.63,13.05
2596,387,0.61,13.05
2597,387,0.59,13.06
2598,387,0.59,13.06
2599,387,0.58,12.81
2600,387,0.55,12.69
2601,387,0.56,12.81
2602,387,0.56,12.81
2603,387,0.56,12.81
2604,387,0.56,12.81
2605,387,0.57,12.94
2606,387,0.57,12.94
2607,387,0.57,12.94
2608,387,0.57,13.06
2609,387,0.58,13.19
2610,387,0.58,13.19
2611,387,0.58,12.93
2612,387,0.6,12.93
2613,387,0.6,12.93
2614,387,0.59,12.8
2615,387,0.62,12.92
2616,387,0.64,13.04
2617,387,0.64,13.04
2618,387,0.64,12.78
2619,387,0.66,12.78
2620,387,0.66,12.78
2621,387,0.65,12.65
2622,387,0.67,12.65
2623,387,0.67,12.65
2624,387,0.67,12.65
2625,387,0.67,12.65
2626,387,0.67,12.65
2627,387,0.66,12.52
2628,255,4.13,0.15
2628,387,0.65,12.65
2629,255,4.16,0.53
2629,387,0.65,12.65
2630,255,4.16,0.68
2630,387,0.65,12.53
2631,255,4.15,0.76
2631,387,0.65,12.53
2632,255,4.15,0.84
2632,387,0.66,12.4
2632,400,2.03,14.81
2633,255,4.14,0.84
2633,387,0.66,12.4
2633,400,2.04,14.95
2634,255,4.11,0.77
2634,387,0.66,12.4
2634,400,2.04,14.95
2635,255,4.11,0.85
2635,387,0.66,12.4
2635,400,2.04,14.95
2636,255,4.1,0.85
2636,387,0.66,12.4
2637,255,4.1,0.93
2637,387,0.66,12.4
2638,255,4.08,0.94
2638,387,0.67,12.27
2639,255,4.08,1.01
2639,387,0.65,12.28
2640,255,4.08,1.09
2640,387,0.66,12.4
2641,255,4.07,1.1
2641,387,0.66,12.4
2642,255,4.07,1.18
2642,387,0.66,12.4
2643,255,4.09,1.49
2643,387,0.66,12.4
2644,255,4.11,1.81
2644,387,0.66,12.4
2645,255,4.13,2.14
2645,387,0.66,12.4
2645,400,2.04,14.95
2646,255,4.14,2.3
2646,387,0.64,12.4
2647,255,4.14,2.47
2647,387,0.62,12.41
2648,255,4.1,2.4
2648,387,0.62,12.41
2649,255,4.08,2.4
2649,387,0.59,12.42
2650,255,4.06,2.49
2650,387,0.59,12.42
2650,400,2.04,14.95
2651,255,4.04,2.58
2651,387,0.58,12.3
2651,400,2.02,14.95
2652,255,4.01,2.59
2652,387,0.6,12.29
2652,400,2.02,14.95
2653,255,3.98,2.68
2653,387,0.59,12.17
2653,400,2.01,14.82
2654,255,3.98,2.77
2654,387,0.59,12.17
2654,400,2.01,14.82
2655,255,3.96,2.69
2655,387,0.59,12.05
2655,400,2.01,14.82
2656,255,3.94,2.69
2656,387,0.58,11.93
2656,400,2.01,14.82
2657,255,3.9,2.79
2657,387,0.55,11.81
2657,400,2.01,14.82
2658,255,3.9,2.96
2658,387,0.53,11.7
2658,400,1.99,14.82
2659,255,3.92,3.4
2659,387,0.53,11.7
2659,400,2.01,14.82
2660,255,3.93,3.66
2660,387,0.52,11.82
2660,400,2.01,14.82
2661,255,3.92,3.84
2661,387,0.49,11.83
2661,400,1.99,14.82
2662,255,3.9,3.94
2662,387,0.49,11.83
2662,400,1.99,14.82
2663,255,3.89,4.03
2663,387,0.44,11.85
2663,400,1.99,14.82
2664,255,3.85,3.95
2664,387,0.42,11.86
2664,400,2.01,14.82
2665,255,3.83,3.96
2665,387,0.42,11.86
2665,400,2.01,14.82
2666,255,3.79,3.88
2666,387,0.4,11.74
2666,400,2.01,14.82
2667,255,3.79,3.97
2667,387,0.4,11.74
2667,400,2.01,14.82
2668,255,3.77,3.97
2668,387,0.42,11.86
2668,400,2.01,14.82
2669,255,3.77,4.06
2669,387,0.42,11.86
2669,400,2.0,14.68
2670,255,3.76,4.07
2670,387,0.41,11.86
2670,400,2.01,14.82
2671,255,3.77,4.25
2671,387,0.41,11.86
2671,400,2.01,14.82
2672,255,3.77,4.34
2672,387,0.41,11.86
2672,400,2.01,14.82
2673,255,3.76,4.52
2673,387,0.38,11.75
2674,255,3.78,4.89
2674,387,0.38,11.75
2675,255,3.79,5.17
2675,387,0.38,11.75
2676,255,3.78,5.27
2676,387,0.35,11.76
2677,255,3.75,5.38
2677,387,0.32,11.77
2678,255,3.73,5.48
2678,387,0.27,11.79
2679,255,3.7,5.49
2679,387,0.25,11.79
2680,255,3.7,5.58
2680,387,0.22,11.8
2681,255,3.67,5.49
2681,387,0.18,11.81
2682,255,3.62,5.41
2682,387,0.15,11.82
2683,255,3.58,5.33
2683,387,0.13,11.83
2684,255,3.59,5.62
2684,387,0.15,11.82
2685,255,3.56,5.62
2685,387,0.13,11.83
2686,255,3.56,5.72
2686,387,0.11,11.72
2687,255,3.54,5.82
2687,387,0.11,11.72
2688,255,3.52,5.93
2688,387,0.09,11.6
2688,388,0.46,13.49
2689,255,3.51,6.03
2689,387,0.07,11.61
2689,388,0.58,14.11
2690,255,3.49,6.24
2690,387,0.05,11.49
2690,388,0.56,14.12
2691,255,3.47,6.44
2692,255,3.45,6.55
2692,387,0.01,11.38
2693,255,3.42,6.56
2694,255,3.38,6.47
2695,255,3.38,6.57
2696,255,3.36,6.57
2697,255,3.35,6.68
2698,255,3.33,6.68
2699,255,3.32,6.69
2700,255,3.29,6.7
2700,400,2.0,14.41
2701,255,3.27,6.7
2701,400,2.02,14.54
2702,255,3.27,6.91
2702,400,2.03,14.67
2703,255,3.24,6.92
2703,400,2.04,14.81
2704,255,3.23,7.12
2704,400,2.04,14.81
2705,255,3.21,7.23
2705,400,2.06,14.8
2706,255,3.19,7.24
2706,400,2.08,14.79
2707,255,3.15,7.35
2707,388,0.23,13.44
2707,400,2.08,14.79
2708,255,3.11,7.26
2708,388,0.24,13.7
2708,400,2.05,14.67
2709,255,3.09,7.37
2709,388,0.22,13.71
2709,400,2.02,14.54
2710,255,3.06,7.38
2710,400,2.0,14.41
2711,255,3.03,7.39
2711,400,2.0,14.41
2712,255,3.0,7.61
2712,400,2.0,14.41
2713,255,2.97,7.62
2713,400,2.01,14.55
2714,255,2.95,7.73
2714,400,2.01,14.55
2715,255,2.95,7.84
2715,400,1.99,14.55
2716,255,2.94,7.95
2716,400,2.01,14.55
2717,255,2.91,7.96
2717,400,2.01,14.55
2718,255,2.9,7.96
2718,400,2.01,14.55
2719,255,2.86,8.08
2719,400,2.01,14.55
2720,255,2.8,8.1
2720,400,2.02,14.68
2721,255,2.77,8.22
2721,400,2.02,14.68
2722,255,2.74,8.22
2722,400,2.02,14.68
2723,255,2.75,8.33
2723,400,2.02,14.68
2724,255,2.75,8.33
2724,400,2.02,14.68
2725,255,2.7,8.34
2725,400,2.01,14.55
2726,255,2.67,8.46
2726,400,2.01,14.55
2727,255,2.64,8.47
2727,400,1.98,14.42
2728,255,2.64,8.47
2729,255,2.63,8.58
2730,255,2.62,8.48
2731,255,2.59,8.49
2731,400,1.99,14.55
2732,255,2.58,8.71
2732,400,1.99,14.55
2733,255,2.55,8.72
2733,400,1.99,14.55
2734,255,2.52,8.73
2734,400,2.0,14.68
2735,255,2.49,8.74
2735,400,2.02,14.68
2736,255,2.49,9.07
2736,400,2.02,14.68
2737,255,2.47,9.19
2737,400,2.03,14.81
2738,255,2.44,9.2
2738,400,2.03,14.81
2739,255,2.42,9.09
2740,255,2.41,9.21
2740,400,2.03,14.81
2741,255,2.38,9.22
2741,400,2.03,14.81
2742,255,2.36,9.34
2743,255,2.31,9.35
2744,255,2.28,9.36
2745,255,2.27,9.37
2746,255,2.25,9.37
2747,255,2.23,9.38
2748,255,2.21,9.5
2749,255,2.2,9.5
2750,255,2.18,9.62
2751,255,2.11,9.42
2752,255,2.09,9.54
2753,255,2.04,9.55
2754,255,2.05,9.66
2755,255,2.04,9.67
2756,255,2.0,9.68
2757,255,1.97,9.69
2758,255,1.94,9.81
2759,255,1.92,10.05
2760,255,1.88,9.95
2761,255,1.87,9.95
2762,255,1.83,9.96
2763,255,1.83,10.08
2764,255,1.81,10.08
2765,255,1.81,10.2
2766,255,1.77,10.33
2767,255,1.78,10.44
2768,255,1.74,10.45
2769,255,1.73,10.46
2770,255,1.71,10.47
2771,255,1.68,10.48
2772,255,1.66,10.37
2773,255,1.62,10.38
2774,255,1.6,10.5
2775,255,1.55,10.52
2776,255,1.53,10.64
2777,255,1.5,10.65
2778,255,1.48,10.66
2779,255,1.45,10.67
2780,255,1.42,10.68
2781,255,1.41,10.8
2782,255,1.38,10.81
2783,255,1.37,10.93
2784,255,1.35,10.94
2785,255,1.35,10.94
2786,255,1.31,10.83
2787,255,1.28,10.84
2788,255,1.27,10.97
2789,255,1.26,10.97
2790,255,1.22,10.87
2791,255,1.22,10.98
2792,255,1.22,11.1
2793,255,1.22,11.1
2794,255,1.19,11.23
2795,255,1.17,11.24
2796,255,1.15,11.37
2797,255,1.14,11.49
2798,255,1.12,11.38
2799,255,1.1,11.38
2800,255,1.08,11.39
2801,255,1.06,11.52
2802,255,1.03,11.53
2803,255,1.02,11.66
2804,255,1.0,11.66
2805,255,0.99,11.67
2806,255,0.97,11.67
2807,255,0.96,11.8
2808,255,0.93,11.93
2809,255,0.94,12.05
2810,255,0.93,12.06
2811,255,0.9,12.19
2812,255,0.88,12.2
2813,255,0.89,12.32
2814,255,0.85,12.21
2815,255,0.82,12.22
2816,255,0.8,12.22
2817,255,0.74,12.0
2818,255,0.71,12.13
2819,255,0.72,12.25
2820,255,0.69,12.14
2821,255,0.68,12.14
2822,255,0.68,12.14
2823,255,0.67,12.27
2824,255,0.64,12.4
2825,255,0.59,12.17
2826,255,0.59,12.42
2827,255,0.57,12.43
2827,416,1.98,14.01
2828,255,0.55,12.69
2828,416,1.96,14.02
2829,255,0.54,12.82
2829,416,1.95,14.02
2830,255,0.52,12.96
2830,416,1.95,14.02
2831,255,0.5,12.96
2831,416,1.95,14.02
2832,255,0.48,12.97
2832,416,1.95,14.02
2833,255,0.45,12.72
2833,416,1.95,14.02
2834,255,0.42,12.73
2835,255,0.38,12.75
2836,255,0.37,12.75
2837,255,0.35,12.76
2837,416,1.99,14.28
2838,255,0.34,12.89
2838,416,2.0,14.41
2839,255,0.32,12.89
2839,416,2.0,14.41
2840,255,0.3,12.77
2840,416,2.0,14.41
2841,255,0.29,12.91
2841,416,2.0,14.41
2842,255,0.24,12.92
2842,416,2.0,14.41
2843,255,0.21,13.06
2843,416,2.0,14.41
2844,255,0.17,12.95
2845,255,0.14,13.08
2846,255,0.13,13.22
2847,255,0.11,13.22
2848,255,0.1,13.36
2849,255,0.09,13.36
2849,416,2.0,14.41
2850,255,0.08,13.63
2850,416,2.0,14.41
2851,255,0.06,13.63
2852,255,0.02,13.52
2853,255,0.0,13.52
2945,433,3.37,9.69
2946,433,3.21,9.86
2950,433,2.43,11.3
2951,433,2.77,9.89
2952,433,2.67,9.92
2960,433,1.0,10.93
2961,433,0.83,11.11
3461,403,0.02,13.52
3462,403,0.0,13.13
3463,403,0.01,12.87
3464,403,0.03,12.87
3465,403,0.04,13.25
3466,403,0.04,13.25
3467,403,0.06,13.11
3468,403,0.09,13.36
3469,403,0.07,13.11
3470,403,0.08,12.98
3471,403,0.07,12.73
3472,403,0.08,12.59
3473,403,0.08,12.47
3474,403,0.07,12.35
3475,403,0.09,12.34
3476,403,0.09,12.34
3477,403,0.09,12.34
3478,403,0.09,12.34
3479,403,0.11,12.34
3480,403,0.1,12.21
3481,403,0.1,12.21
3482,403,0.11,12.34
3483,403,0.11,12.34
3484,403,0.11,12.34
3485,403,0.11,12.34
3486,403,0.09,12.09
3487,403,0.07,11.97
3488,403,0.07,11.85
3489,403,0.06,11.73
3490,403,0.06,11.73
3491,403,0.08,11.85
3492,403,0.08,11.85
3493,403,0.08,11.85
3494,403,0.1,11.84
3495,403,0.1,11.84
3496,403,0.11,11.72
3497,403,0.11,11.72
3498,403,0.12,11.59
3499,403,0.14,11.58
3500,403,0.16,11.45
3501,403,0.16,11.45
3502,403,0.16,11.33
3503,403,0.15,11.22
3504,403,0.17,11.21
3505,403,0.16,11.09
3506,403,0.18,11.09
3507,403,0.18,11.09
3508,403,0.18,11.09
3509,403,0.18,11.09
3510,403,0.18,11.09
3511,403,0.18,11.09
3512,403,0.18,11.09
3513,403,0.2,11.2
3514,403,0.2,11.08
3515,403,0.2,11.08
3516,403,0.19,10.96
3517,403,0.18,10.85
3518,403,0.18,10.73
3519,403,0.17,10.62
3520,403,0.19,10.61
3521,403,0.19,10.61
3522,403,0.17,10.62
3523,403,0.19,10.61
3524,403,0.18,10.5
3525,403,0.2,10.61
3526,403,0.22,10.6
3527,403,0.23,10.48
3528,403,0.24,10.36
3529,403,0.24,10.36
3530,403,0.27,10.35
3531,403,0.26,10.12
3532,403,0.28,10.12
3533,403,0.27,10.0
3534,403,0.29,10.0
3535,403,0.3,9.88
3536,403,0.31,9.76
3537,403,0.34,9.75
3538,403,0.35,9.98
3539,403,0.35,9.87
3540,403,0.36,9.86
3541,403,0.36,9.86
3542,403,0.38,9.86
3543,403,0.37,9.74
3544,403,0.39,9.74
3545,403,0.38,9.63
3546,403,0.38,9.63
3547,403,0.38,9.52
3548,403,0.39,9.51
3549,403,0.39,9.4
3550,403,0.39,9.4
3551,403,0.36,9.3
3552,403,0.36,9.19
3553,403,0.36,9.19
3554,403,0.33,9.08
3555,403,0.33,8.97
3556,403,0.35,9.08
3557,403,0.33,9.08
3558,403,0.35,9.08
3559,403,0.36,9.19
3560,403,0.36,9.19
3561,403,0.37,9.18
3562,403,0.37,9.18
3563,403,0.38,8.96
3564,403,0.37,8.85
3565,403,0.38,8.74
3566,403,0.4,8.73
3567,403,0.41,8.73
3568,403,0.4,8.62
3569,403,0.4,8.51
3570,403,0.4,8.51
3571,403,0.39,8.41
3572,403,0.41,8.4
3573,403,0.39,8.3
3574,403,0.39,8.3
3575,403,0.39,8.3
3576,403,0.4,8.19
3577,403,0.39,8.09
3578,403,0.4,7.98
3579,403,0.39,7.88
3580,403,0.39,7.77
3581,403,0.4,7.66
3582,403,0.4,7.66
3583,403,0.38,7.46
3584,403,0.38,7.36
3585,403,0.39,7.25
3586,403,0.38,7.15
3587,403,0.38,7.15
3588,403,0.39,7.25
3589,403,0.39,7.25
3590,403,0.38,7.36
3591,403,0.37,7.26
3592,403,0.37,7.26
3593,403,0.38,7.15
3594,403,0.39,7.05
3595,403,0.39,6.84
3596,403,0.42,6.73
3597,403,0.45,6.73
3597,472,2.87,0.0
3598,403,0.45,6.52
3598,472,2.86,0.08
3599,403,0.48,6.42
3599,472,2.85,0.08
3600,403,0.48,6.32
3600,472,2.81,0.09
3601,403,0.49,6.21
3601,472,2.79,0.09
3602,403,0.47,6.12
3602,472,2.78,0.1
3603,403,0.49,6.12
3603,472,2.76,0.1
3604,403,0.48,6.02
3604,472,2.75,0.18
3605,403,0.47,6.03
3605,472,2.75,0.41
3606,403,0.47,6.03
3606,472,2.74,0.56
3607,403,0.45,5.93
3607,472,2.77,0.79
3608,403,0.46,5.93
3608,472,2.76,0.95
3609,403,0.44,5.84
3609,472,2.77,1.1
3610,403,0.44,5.64
3610,472,2.74,0.95
3611,403,0.45,5.45
3611,472,2.72,1.04
3612,403,0.43,5.27
3612,472,2.74,1.19
3613,403,0.44,5.36
3613,472,2.74,1.19
3614,403,0.42,5.08
3614,472,2.71,1.2
3615,403,0.41,4.8
3615,472,2.71,1.28
3616,403,0.39,4.53
3616,472,2.69,1.36
3617,403,0.38,4.44
3617,472,2.69,1.44
3618,403,0.4,4.44
3618,472,2.65,1.53
3619,403,0.43,4.43
3619,472,2.63,1.62
3620,403,0.43,4.43
3620,472,2.64,2.03
3621,403,0.43,4.43
3621,472,2.66,2.44
3622,403,0.45,4.52
3622,472,2.66,2.69
3623,403,0.46,4.51
3623,472,2.65,2.86
3624,403,0.49,4.5
3624,472,2.64,2.87
3625,403,0.48,4.41
3625,472,2.6,2.88
3626,403,0.51,4.32
3626,472,2.56,2.89
3627,403,0.51,4.22
3627,472,2.53,2.9
3627,485,0.8,13.64
3628,403,0.54,4.13
3628,472,2.53,2.9
3628,485,0.78,12.74
3629,403,0.54,3.95
3629,472,2.51,2.99
3629,485,0.81,13.24
3630,403,0.54,3.68
3630,472,2.5,2.99
3630,485,0.84,13.75
3631,403,0.54,3.51
3631,472,2.48,3.08
3631,485,0.86,14.14
3632,403,0.54,3.33
3632,472,2.48,3.17
3632,485,0.88,14.68
3633,403,0.55,3.24
3633,472,2.46,3.26
3633,485,0.89,14.82
3634,403,0.57,3.32
3634,472,2.46,3.43
3634,485,0.87,14.82
3635,403,0.6,3.32
3635,472,2.48,3.7
3635,485,0.85,14.83
3636,403,0.62,3.22
3636,472,2.5,4.05
3636,485,0.87,14.82
3637,403,0.64,3.13
3637,472,2.51,4.23
3637,485,0.86,14.41
3638,403,0.65,3.13
3638,472,2.51,4.41
3638,485,0.86,14.41
3639,403,0.67,2.95
3639,472,2.49,4.32
3640,403,0.66,2.87
3640,472,2.48,4.42
3641,403,0.65,2.7
3641,472,2.47,4.42
3642,403,0.63,2.37
3642,472,2.45,4.52
3642,487,1.42,3.53
3643,403,0.64,2.53
3643,472,2.43,4.43
3643,487,1.4,3.45
3644,403,0.66,2.36
3644,472,2.39,4.35
3644,487,1.34,3.21
3645,403,0.65,2.12
3645,472,2.37,4.45
3645,487,1.36,3.12
3646,403,0.64,1.87
3646,472,2.34,4.46
3646,487,1.32,2.87
3647,403,0.63,1.55
3647,472,2.33,4.55
3647,487,1.34,3.03
3648,403,0.63,1.47
3648,472,2.32,4.83
3648,487,1.4,3.54
3649,403,0.67,1.46
3649,472,2.3,4.84
3649,487,1.4,3.63
3650,403,0.71,1.37
3650,472,2.26,5.04
3650,487,1.38,3.02
3651,403,0.73,1.29
3651,472,2.26,5.23
3651,487,1.38,3.02
3652,403,0.76,1.36
3652,472,2.24,5.33
3652,487,1.41,3.02
3653,403,0.8,1.35
3653,472,2.24,5.42
3653,487,1.49,3.96
3654,403,0.82,1.42
3654,472,2.23,5.62
3654,487,1.51,4.23
3655,403,0.85,1.5
3655,472,2.21,5.62
3655,487,1.52,4.32
3656,403,0.9,1.33
3656,472,2.21,5.62
3657,403,0.91,1.01
3657,472,2.19,5.73
3658,403,0.95,0.84
3658,472,2.15,5.74
3659,403,0.97,0.76
3659,472,2.1,5.66
3660,403,1.0,0.6
3660,472,2.1,5.66
3661,403,1.01,0.44
3661,472,2.07,5.66
3662,403,1.01,0.22
3662,472,2.06,5.86
3663,403,1.01,0.14
3663,472,2.02,5.78
3664,403,1.05,0.13
3664,472,2.05,6.06
3665,403,1.08,0.2
3665,472,2.04,5.77
3666,403,1.15,0.18
3666,472,1.92,5.23
3667,403,1.19,0.1
3667,472,1.9,5.14
3668,403,1.24,0.01
3669,403,1.28,0.07
3670,403,1.32,0.07
3675,472,1.81,7.14
3676,472,1.83,7.34
3677,472,1.88,8.27
3678,472,1.88,8.27
3679,472,1.85,7.86
3680,472,1.81,7.66
3681,472,1.77,7.56
3682,472,1.73,7.47
3683,472,1.71,7.37
3684,472,1.7,7.48
3685,472,1.69,7.49
3686,472,1.66,7.49
3687,472,1.67,7.6
3688,472,1.65,7.6
3689,472,1.62,7.61
3690,472,1.59,7.62
3691,472,1.57,7.52
3692,472,1.55,7.53
3693,472,1.57,7.52
3694,472,1.59,7.73
3695,472,1.57,7.73
3696,472,1.6,8.04
3697,472,1.6,8.25
3698,472,1.62,8.35
3699,472,1.63,8.46
3700,472,1.62,8.57
3701,472,1.62,8.68
3702,472,1.62,8.68
3703,472,1.6,8.69
3704,472,1.59,8.69
3705,472,1.58,8.8
3706,472,1.56,8.81
3707,472,1.55,8.81
3708,472,1.55,8.81
3709,472,1.53,8.82
3710,472,1.49,8.72
3711,472,1.48,8.73
3712,472,1.49,9.05
3713,472,1.46,9.17
3714,472,1.45,9.18
3715,472,1.43,9.18
3716,472,1.43,9.41
3717,472,1.42,9.41
3718,472,1.4,9.42
3719,472,1.36,9.32
3720,472,1.35,9.32
3721,472,1.33,9.33
3722,472,1.28,9.34
3723,472,1.27,9.35
3724,472,1.28,9.46
3725,472,1.27,9.57
3726,472,1.27,9.57
3727,472,1.27,9.57
3728,472,1.28,9.68
3729,472,1.28,9.91
3730,472,1.28,9.91
3731,472,1.29,10.02
3732,472,1.29,10.02
3733,472,1.29,10.02
3734,472,1.29,10.02
3735,472,1.28,10.14
3736,472,1.28,10.14
3737,472,1.29,10.25
3738,472,1.28,10.37
3739,472,1.26,10.38
3740,472,1.25,10.38
3741,472,1.21,10.39
3742,472,1.2,10.4
3743,472,1.19,10.52
3744,472,1.2,10.63
3745,472,1.21,10.75
3746,472,1.2,10.63
3747,472,1.18,10.64
3748,472,1.18,10.88
3749,472,1.18,10.88
3750,472,1.16,10.77
3751,472,1.14,10.53
3752,472,1.14,10.53
3753,472,1.16,10.53
3754,472,1.16,10.53
3755,472,1.16,10.53
3756,472,1.15,10.41
3757,472,1.15,10.41
3758,472,1.16,10.53
3759,472,1.17,10.64
3760,472,1.17,10.76
3761,472,1.19,10.99
3762,472,1.17,11.0
3763,472,1.16,11.0
3764,472,1.16,11.0
3765,472,1.16,11.0
3766,472,1.15,11.13
3767,472,1.13,11.01
3768,472,1.11,11.02
3769,472,1.12,11.14
3770,472,1.12,11.14
3771,472,1.1,11.14
3772,472,1.09,11.15
3773,472,1.09,11.15
3774,472,1.07,11.15
3775,472,1.04,11.28
3776,472,1.04,11.41
3777,472,1.04,11.41
3778,472,1.01,11.54
3779,472,1.02,11.66
3780,472,1.02,11.66
3781,472,1.02,11.66
3782,472,1.02,11.66
3783,472,1.02,11.66
3784,472,1.0,11.66
3785,472,0.99,11.79
3786,472,0.99,11.79
3787,472,0.99,11.79
3788,472,0.98,11.79
3789,472,0.98,11.91
3790,472,0.99,12.03
3791,472,0.99,12.03
3792,472,1.0,12.16
3793,472,1.0,12.16
3794,472,0.99,12.28
3795,472,0.99,12.28
3796,472,0.96,12.05
3797,472,0.96,12.05
3798,472,0.93,11.93
3799,472,0.92,11.94
3800,472,0.9,11.94
3801,472,0.89,11.95
3802,472,0.89,11.95
3803,472,0.89,11.95
3804,472,0.88,12.2
3805,472,0.87,12.2
3806,472,0.85,12.21
3807,472,0.86,12.33
3808,472,0.83,12.46
3809,472,0.83,12.46
3810,472,0.79,12.35
3811,472,0.78,12.23
3812,472,0.78,12.23
3813,472,0.78,12.11
3814,472,0.76,12.11
3815,472,0.76,12.36
3816,472,0.74,12.37
3817,472,0.74,12.37
3818,472,0.74,12.37
3819,472,0.72,12.38
3820,472,0.71,12.5
3821,472,0.68,12.52
3822,472,0.7,13.15
3823,472,0.64,12.78
3824,472,0.63,12.53
3825,472,0.62,12.66
3826,472,0.6,12.67
3827,472,0.59,12.68
3828,472,0.57,12.68
3829,472,0.57,12.68
3830,472,0.54,12.69
3831,472,0.52,12.7
3832,472,0.53,12.82
3833,472,0.51,12.83
3834,472,0.5,12.96
3835,472,0.48,12.97
3836,472,0.47,12.97
3837,472,0.45,12.98
3838,472,0.43,12.98
3839,472,0.42,13.12
3840,472,0.39,13.13
3841,472,0.38,13.26
3842,472,0.34,13.27
3843,472,0.34,13.27
3844,472,0.31,13.29
3845,472,0.29,13.29
3846,472,0.3,13.42
3847,472,0.28,13.43
3848,472,0.26,13.43
3849,472,0.25,13.44
3850,472,0.23,13.44
3851,472,0.22,13.71
3852,472,0.23,14.24
3853,472,0.24,14.37
3854,472,0.22,14.37
3855,472,0.23,14.51
3856,472,0.2,14.38
3857,472,0.21,14.51
3858,472,0.21,14.51
3859,472,0.22,14.65
3860,472,0.21,14.79
3861,472,0.21,14.92
3866,472,0.11,14.96
3867,472,0.09,14.97
3977,532,2.0,14.27
3978,532,2.0,14.27
3979,532,2.0,14.27
3980,532,2.0,14.27
3981,532,2.0,14.27
3982,532,2.0,14.27
3983,532,2.0,14.27
3984,532,1.99,14.28
3985,532,1.99,14.28
3986,532,1.97,14.15
3987,532,1.97,14.15
3988,532,1.97,14.15
3989,532,1.97,14.15
3990,532,1.97,14.15
3991,532,1.97,14.15
3992,532,1.97,14.15
3993,532,1.97,14.15
3994,532,1.97,14.15
3995,532,1.97,14.15
3996,532,1.97,14.15
3997,532,1.97,14.15
3998,532,1.97,14.15
3999,532,1.99,14.28
4000,532,1.99,14.28
4109,550,1.99,14.28
4110,550,1.99,14.28
4111,550,1.99,14.28
4112,550,2.0,14.41
4113,550,2.0,14.41
4114,550,2.0,14.41
4115,550,2.0,14.41
4116,550,2.0,14.41
4117,550,2.0,14.41
4118,550,2.01,14.55
4119,550,2.01,14.55
4236,565,2.0,14.68
4237,565,1.99,14.55
4238,565,1.99,14.55
4239,565,2.0,14.68
4240,565,2.0,14.68
4241,565,2.0,14.68
4242,565,1.99,14.55
4243,565,2.0,14.68
4244,565,2.0,14.68
4245,565,2.0,14.68
4246,565,2.01,14.82
4247,565,2.0,14.68
4248,565,2.0,14.68
4249,565,2.0,14.68
4250,565,1.99,14.55
4452,587,4.61,10.81
4453,587,4.17,11.2
4454,587,3.93,12.79
4455,587,3.43,12.84
4456,587,2.89,13.29
4457,587,2.55,14.48
4956,655,5.18,13.12
4957,655,4.89,14.03
4958,655,4.38,14.22
4959,655,3.82,14.43
5027,663,2.03,14.81
5028,663,2.02,14.68
5029,663,2.02,14.68
5030,663,2.02,14.68
5031,663,2.01,14.55
5032,663,2.01,14.55
5033,663,2.01,14.55
5034,663,2.01,14.55
5035,663,2.02,14.54
5036,663,2.01,14.55
5037,663,2.01,14.55
5038,663,2.01,14.55
5039,663,2.01,14.55
5040,663,2.01,14.55
5041,663,2.01,14.55
5042,663,2.01,14.55
5043,663,2.01,14.55
5044,663,2.01,14.55
5045,663,2.01,14.55
5046,663,2.01,14.55
5047,663,2.01,14.55
5048,663,2.01,14.55
5049,663,2.01,14.55
5050,663,2.0,14.41
5273,536,4.89,0.04
5279,536,4.72,0.01
5280,536,4.7,0.01
5281,536,4.69,0.09
5282,536,4.73,0.46
5283,536,4.73,0.7
5284,536,4.74,0.93
5285,536,4.74,1.01
5286,536,4.75,1.16
5287,536,4.75,1.24
5288,536,4.75,1.32
5289,536,4.73,1.25
5290,536,4.7,1.26
5291,536,4.68,1.18
5292,536,4.66,1.19
5293,536,4.65,1.19
5294,536,4.64,1.19
5295,536,4.66,1.43
5296,536,4.65,1.43
5297,536,4.64,1.51
5298,536,4.66,1.92
5299,536,4.7,2.32
5300,536,4.74,2.65
5301,536,4.73,2.74
5302,536,4.73,2.91
5303,536,4.71,2.92
5304,536,4.67,2.93
5305,536,4.65,2.94
5306,536,4.64,3.03
5307,536,4.61,2.95
5308,536,4.57,2.87
5309,536,4.53,2.88
5310,536,4.51,2.97
5311,536,4.51,3.15
5312,536,4.51,3.24
5313,536,4.49,3.33
5314,536,4.51,3.5
5315,536,4.5,3.77
5316,536,4.5,4.04
5317,536,4.48,4.14
5318,536,4.46,4.23
5319,536,4.45,4.33
5320,536,4.43,4.43
5321,536,4.39,4.35
5322,536,4.35,4.27
5323,536,4.33,4.27
5324,536,4.31,4.28
5325,536,4.29,4.28
5326,536,4.26,4.29
5327,536,4.26,4.38
5328,536,4.26,4.48
5329,536,4.24,4.57
5330,536,4.25,4.76
5331,536,4.24,4.86
5332,536,4.25,5.14
5333,536,4.25,5.23
5334,536,4.24,5.33
5335,536,4.22,5.43
5336,536,4.22,5.53
5337,536,4.21,5.63
5338,536,4.2,5.73
5339,536,4.19,5.73
5340,536,4.12,5.66
5341,536,4.09,5.66
5342,536,4.06,5.67
5343,536,4.04,5.68
5344,536,4.02,5.78
5345,536,4.01,5.79
5346,536,3.99,5.89
5347,536,3.99,5.99
5348,536,4.0,6.28
5349,536,4.0,6.49
5350,536,3.95,6.6
5351,536,3.94,6.71
5352,536,3.94,6.81
5353,536,3.91,6.82
5354,536,3.89,6.82
5355,536,3.89,6.82
5356,536,3.89,6.92
5357,536,3.85,6.83
5358,536,3.85,6.94
5359,536,3.86,7.04
5360,536,3.86,7.14
5361,536,3.84,7.15
5362,536,3.83,7.15
5363,536,3.78,7.16
5364,536,3.77,7.17
5365,536,3.79,7.47
5366,536,3.8,7.68
5367,536,3.82,7.78
5368,536,3.82,7.89
5369,536,3.79,7.79
5370,536,3.79,7.9
5371,536,3.79,7.9
5372,536,3.77,7.9
5373,536,3.72,7.71
5374,536,3.7,7.71
5375,536,3.67,7.72
5376,536,3.66,7.73
5377,536,3.63,7.74
5378,536,3.61,7.74
5379,536,3.61,7.85
5380,536,3.61,7.95
5381,536,3.62,8.17
5382,536,3.62,8.28
5383,536,3.61,8.38
5384,536,3.61,8.49
5385,536,3.62,8.6
5386,536,3.61,8.6
5387,536,3.61,8.72
5388,536,3.61,8.72
5389,536,3.59,8.72
5390,536,3.56,8.73
5391,536,3.55,8.73
5392,536,3.55,8.73
5393,536,3.55,8.73
5394,536,3.56,8.84
5395,536,3.54,8.85
5396,536,3.54,8.85
5397,536,3.54,8.85
5398,536,3.54,8.85
5399,536,3.56,8.95
5400,536,3.58,9.17
5401,536,3.58,9.17
5402,536,3.58,9.28
5403,536,3.58,9.28
5404,536,3.57,9.17
5405,536,3.55,9.18
5406,536,3.55,9.18
5407,536,3.54,9.18
5408,536,3.52,9.19
5409,536,3.51,9.19
5410,536,3.52,9.3
5411,536,3.5,9.31
5412,536,3.5,9.42
5413,536,3.47,9.43
5414,536,3.47,9.55
5415,536,3.48,9.66
5416,536,3.48,9.77
5417,536,3.46,9.89
5418,536,3.46,9.89
5419,536,3.39,9.46
5420,536,3.38,9.35
5421,536,3.42,9.68
5422,536,3.42,9.79
5423,536,3.42,9.79
5424,536,3.42,9.79
5425,536,3.42,9.79
5426,536,3.4,9.8
5427,536,3.39,9.8
5427,713,2.01,14.55
5428,536,3.4,9.91
5428,713,2.01,14.55
5429,536,3.38,9.92
5429,713,2.01,14.55
5430,536,3.38,10.03
5430,713,2.02,14.68
5431,536,3.38,10.03
5431,713,2.02,14.68
5432,536,3.38,10.03
5432,713,2.02,14.68
5433,536,3.41,10.14
5433,713,2.02,14.68
5434,536,3.41,10.26
5434,713,2.03,14.81
5435,536,3.41,10.26
5435,713,2.03,14.81
5436,536,3.41,10.26
5436,713,2.03,14.81
5437,536,3.41,10.26
5437,713,2.03,14.81
5438,536,3.4,10.38
5438,713,2.02,14.68
5439,536,3.4,10.38
5439,713,2.02,14.68
5440,536,3.37,10.27
5440,713,2.02,14.68
5441,536,3.35,10.16
5441,713,2.02,14.68
5442,536,3.32,10.06
5442,713,2.02,14.68
5443,536,3.32,10.06
5443,713,2.03,14.81
5444,536,3.3,10.06
5444,713,2.02,14.68
5445,536,3.28,10.18
5445,713,2.02,14.68
5446,536,3.28,10.18
5446,713,2.02,14.68
5447,536,3.26,10.31
5447,713,2.01,14.55
5448,536,3.26,10.43
5448,713,2.01,14.55
5449,536,3.26,10.54
5449,713,2.01,14.55
5450,536,3.28,10.77
5450,713,2.01,14.55
5451,536,3.3,10.89
5452,536,3.29,11.01
5453,536,3.29,11.01
5454,536,3.29,11.13
5455,536,3.29,11.13
5456,536,3.29,11.13
5457,536,3.26,11.02
5458,536,3.26,11.02
5459,536,3.26,11.02
5460,536,3.25,11.03
5461,536,3.23,11.03
5462,536,3.23,11.03
5463,536,3.23,11.03
5464,536,3.23,11.15
5465,536,3.24,11.27
5466,536,3.24,11.39
5467,536,3.25,11.51
5468,536,3.25,11.51
5469,536,3.25,11.64
5470,536,3.26,11.76
5471,536,3.27,11.88
5472,536,3.27,12.0
5473,536,3.24,11.89
5474,536,3.21,11.77
5475,536,3.19,11.78
5475,713,2.0,14.41
5476,536,3.18,11.78
5476,713,1.98,14.42
5477,536,3.13,11.68
5477,713,1.98,14.42
5478,536,3.1,11.56
5478,713,1.98,14.42
5479,536,3.12,11.68
5479,713,1.98,14.42
5480,536,3.14,11.92
5480,713,1.98,14.42
5481,536,3.13,11.93
5481,713,2.0,14.41
5482,536,3.15,12.17
5482,713,1.99,14.55
5483,536,3.13,12.17
5483,713,1.99,14.55
5484,536,3.15,12.3
5484,713,2.0,14.68
5485,536,3.13,12.3
5485,713,2.0,14.68
5486,536,3.13,12.3
5486,713,2.0,14.68
5487,536,3.13,12.43
5487,713,1.99,14.55
5488,536,3.11,12.44
5488,713,2.01,14.55
5489,536,3.1,12.31
5489,713,2.01,14.55
5490,536,3.1,12.31
5490,713,2.01,14.55
5491,536,3.08,12.32
5491,713,2.01,14.55
5492,536,3.08,12.32
5492,713,2.01,14.55
5493,536,3.07,12.32
5493,713,2.0,14.68
5494,536,3.07,12.32
5494,713,2.02,14.68
5495,536,3.05,12.33
5495,713,1.99,14.55
5496,536,3.05,12.46
5496,713,1.99,14.55
5497,536,3.03,12.59
5497,713,1.99,14.55
5498,536,3.01,12.6
5498,713,1.99,14.55
5499,536,3.03,12.59
5499,713,2.01,14.55
5500,536,3.05,12.71
5500,713,1.99,14.55
5501,536,3.07,12.84
5501,713,1.98,14.42
5502,536,3.07,12.71
5502,713,1.99,14.55
5503,536,3.07,12.71
5503,713,1.99,14.55
5504,536,3.07,12.71
5504,713,1.99,14.55
5505,536,3.09,12.7
5505,713,1.99,14.55
5506,536,3.09,12.7
5506,713,1.99,14.55
5507,536,3.07,12.71
5507,713,1.99,14.55
5508,536,3.05,12.71
5508,713,1.99,14.55
5509,536,3.04,12.72
5509,713,1.99,14.55
5510,536,3.0,12.73
5510,713,1.99,14.55
5511,536,2.99,12.73
5511,713,2.0,14.68
5512,536,2.96,12.75
5512,713,2.0,14.68
5513,536,2.94,12.75
5513,713,2.0,14.68
5514,536,2.92,12.76
5514,713,2.0,14.68
5515,536,2.91,12.76
5515,713,2.0,14.68
5516,536,2.91,12.76
5516,713,2.0,14.68
5517,536,2.89,12.9
5517,713,2.0,14.68
5518,536,2.89,12.9
5518,713,2.01,14.82
5519,536,2.85,12.91
5519,713,2.01,14.82
5520,536,2.85,13.04
5520,713,2.01,14.82
5521,536,2.85,13.04
5521,713,2.01,14.82
5522,536,2.83,13.05
5522,713,2.01,14.82
5523,536,2.85,13.04
5523,713,2.01,14.82
5524,536,2.83,13.05
5524,713,2.01,14.82
5525,536,2.83,13.05
5525,713,2.01,14.82
5526,536,2.83,13.05
5527,536,2.83,13.05
5528,536,2.83,13.05
5529,536,2.83,13.05
5530,536,2.83,13.05
5531,536,2.83,13.05
5532,536,2.83,13.05
5533,536,2.83,13.05
5534,536,2.84,13.17
5535,536,2.84,13.31
5536,536,2.84,13.44
5537,536,2.84,13.44
5538,536,2.85,13.57
5539,536,2.84,13.44
5540,536,2.84,13.44
5541,536,2.82,13.45
5542,536,2.82,13.45
5543,536,2.82,13.45
